{"stats":{"minecraft:mined":{"treechop:chopped_log":1},"minecraft:picked_up":{"minecraft:stick":1,"minecraft:oak_log":4},"minecraft:custom":{"minecraft:jump":117,"minecraft:time_since_rest":2992,"minecraft:damage_dealt":135,"minecraft:sprint_one_cm":29598,"minecraft:play_time":2992,"minecraft:damage_taken":230,"minecraft:time_since_death":2992,"minecraft:walk_one_cm":22249,"minecraft:total_world_time":2992,"minecraft:mob_kills":1,"minecraft:fall_one_cm":3086,"minecraft:fly_one_cm":37089}},"DataVersion":3465}