{"stats":{"minecraft:mined":{"treechop:chopped_log":1},"minecraft:picked_up":{"minecraft:stick":1,"minecraft:oak_log":4},"minecraft:killed_by":{"minecraft:creeper":1},"minecraft:custom":{"minecraft:jump":139,"minecraft:time_since_rest":9875,"minecraft:deaths":2,"minecraft:damage_dealt":161,"minecraft:walk_on_water_one_cm":522,"minecraft:sprint_one_cm":35201,"minecraft:play_time":14992,"minecraft:damage_taken":765,"minecraft:time_since_death":9844,"minecraft:walk_one_cm":35334,"minecraft:sneak_time":12,"minecraft:total_world_time":14992,"minecraft:mob_kills":1,"minecraft:fall_one_cm":8688,"minecraft:fly_one_cm":44573}},"DataVersion":3465}